,source_id,costs,date
0,1,75.2,2017-06-01
1,1,62.25,2017-06-02
2,1,36.53,2017-06-03
3,1,55.0,2017-06-04
4,1,57.08,2017-06-05
5,1,40.39,2017-06-06
6,1,40.59,2017-06-07
7,1,56.63,2017-06-08
8,1,40.16,2017-06-09
9,1,43.24,2017-06-10
10,1,21.68,2017-06-11
11,1,27.48,2017-06-12
12,1,44.66,2017-06-13
13,1,30.7,2017-06-14
14,1,39.71,2017-06-15
15,1,39.1,2017-06-16
16,1,21.41,2017-06-17
17,1,50.04,2017-06-18
18,1,25.08,2017-06-19
19,1,25.37,2017-06-20
20,1,22.6,2017-06-21
21,1,21.68,2017-06-22
22,1,28.6,2017-06-23
23,1,10.72,2017-06-24
24,1,22.03,2017-06-25
25,1,31.91,2017-06-26
26,1,47.73,2017-06-27
27,1,38.48,2017-06-28
28,1,32.58,2017-06-29
29,1,36.98,2017-06-30
30,1,5.8,2017-07-01
31,1,27.99,2017-07-02
32,1,21.56,2017-07-03
33,1,37.63,2017-07-04
34,1,22.11,2017-07-05
35,1,23.32,2017-07-06
36,1,47.25,2017-07-07
37,1,32.26,2017-07-08
38,1,54.94,2017-07-09
39,1,30.69,2017-07-10
40,1,24.08,2017-07-11
41,1,53.53,2017-07-12
42,1,34.52,2017-07-13
43,1,63.52,2017-07-14
44,1,52.47,2017-07-15
45,1,34.02,2017-07-16
46,1,90.87,2017-07-17
47,1,54.31,2017-07-18
48,1,46.85,2017-07-19
49,1,28.46,2017-07-20
50,1,36.25,2017-07-21
51,1,20.98,2017-07-22
52,1,28.1,2017-07-23
53,1,48.58,2017-07-24
54,1,13.31,2017-07-25
55,1,27.38,2017-07-26
56,1,9.92,2017-07-27
57,1,23.5,2017-07-28
58,1,12.6,2017-07-29
59,1,34.96,2017-07-30
60,1,31.12,2017-07-31
61,1,44.65,2017-08-01
62,1,25.47,2017-08-02
63,1,19.96,2017-08-03
64,1,23.08,2017-08-04
65,1,26.49,2017-08-05
66,1,13.21,2017-08-06
67,1,27.78,2017-08-07
68,1,33.71,2017-08-08
69,1,19.67,2017-08-09
70,1,32.73,2017-08-10
71,1,29.93,2017-08-11
72,1,16.04,2017-08-12
73,1,17.01,2017-08-13
74,1,45.75,2017-08-14
75,1,34.63,2017-08-15
76,1,22.07,2017-08-16
77,1,50.77,2017-08-17
78,1,31.57,2017-08-18
79,1,23.2,2017-08-19
80,1,37.04,2017-08-20
81,1,25.09,2017-08-21
82,1,32.48,2017-08-22
83,1,22.42,2017-08-23
84,1,33.88,2017-08-24
85,1,26.18,2017-08-25
86,1,30.38,2017-08-26
87,1,46.25,2017-08-27
88,1,50.07,2017-08-28
89,1,28.25,2017-08-29
90,1,43.79,2017-08-30
91,1,38.26,2017-08-31
92,1,40.28,2017-09-01
93,1,26.16,2017-09-02
94,1,24.95,2017-09-03
95,1,36.48,2017-09-04
96,1,48.53,2017-09-05
97,1,61.1,2017-09-06
98,1,29.06,2017-09-07
99,1,53.66,2017-09-08
100,1,41.98,2017-09-09
101,1,22.83,2017-09-10
102,1,48.02,2017-09-11
103,1,31.75,2017-09-12
104,1,49.61,2017-09-13
105,1,54.86,2017-09-14
106,1,49.8,2017-09-15
107,1,30.24,2017-09-16
108,1,45.97,2017-09-17
109,1,61.06,2017-09-18
110,1,45.41,2017-09-19
111,1,75.74,2017-09-20
112,1,55.05,2017-09-21
113,1,58.6,2017-09-22
114,1,18.34,2017-09-23
115,1,31.84,2017-09-24
116,1,86.61,2017-09-25
117,1,68.59,2017-09-26
118,1,86.83,2017-09-27
119,1,75.52,2017-09-28
120,1,84.04,2017-09-29
121,1,59.1,2017-09-30
122,1,57.14,2017-10-01
123,1,86.51,2017-10-02
124,1,78.73,2017-10-03
125,1,90.78,2017-10-04
126,1,85.21,2017-10-05
127,1,76.57,2017-10-06
128,1,72.02,2017-10-07
129,1,42.54,2017-10-08
130,1,89.25,2017-10-09
131,1,56.04,2017-10-10
132,1,63.58,2017-10-11
133,1,106.59,2017-10-12
134,1,78.87,2017-10-13
135,1,55.8,2017-10-14
136,1,49.88,2017-10-15
137,1,64.75,2017-10-16
138,1,46.35,2017-10-17
139,1,66.2,2017-10-18
140,1,67.95,2017-10-19
141,1,125.68,2017-10-20
142,1,65.58,2017-10-21
143,1,60.25,2017-10-22
144,1,70.44,2017-10-23
145,1,124.55,2017-10-24
146,1,61.38,2017-10-25
147,1,106.66,2017-10-26
148,1,62.53,2017-10-27
149,1,55.19,2017-10-28
150,1,78.69,2017-10-29
151,1,97.1,2017-10-30
152,1,72.94,2017-10-31
153,1,69.03,2017-11-01
154,1,98.15,2017-11-02
155,1,77.4,2017-11-03
156,1,48.34,2017-11-04
157,1,60.5,2017-11-05
158,1,65.54,2017-11-06
159,1,78.5,2017-11-07
160,1,74.46,2017-11-08
161,1,63.55,2017-11-09
162,1,65.79,2017-11-10
163,1,77.93,2017-11-11
164,1,73.18,2017-11-12
165,1,115.58,2017-11-13
166,1,61.88,2017-11-14
167,1,64.81,2017-11-15
168,1,97.95,2017-11-16
169,1,97.08,2017-11-17
170,1,89.38,2017-11-18
171,1,40.22,2017-11-19
172,1,77.1,2017-11-20
173,1,49.84,2017-11-21
174,1,72.41,2017-11-22
175,1,112.96,2017-11-23
176,1,245.75,2017-11-24
177,1,116.21,2017-11-25
178,1,46.36,2017-11-26
179,1,75.91,2017-11-27
180,1,84.19,2017-11-28
181,1,79.11,2017-11-29
182,1,66.05,2017-11-30
183,1,55.1,2017-12-01
184,1,63.1,2017-12-02
185,1,69.72,2017-12-03
186,1,75.08,2017-12-04
187,1,123.17,2017-12-05
188,1,95.2,2017-12-06
189,1,57.39,2017-12-07
190,1,86.1,2017-12-08
191,1,41.62,2017-12-09
192,1,94.17,2017-12-10
193,1,102.23,2017-12-11
194,1,78.76,2017-12-12
195,1,72.29,2017-12-13
196,1,63.48,2017-12-14
197,1,89.68,2017-12-15
198,1,115.35,2017-12-16
199,1,59.59,2017-12-17
200,1,87.79,2017-12-18
201,1,91.65,2017-12-19
202,1,67.61,2017-12-20
203,1,99.91,2017-12-21
204,1,90.16,2017-12-22
205,1,55.53,2017-12-23
206,1,40.65,2017-12-24
207,1,88.39,2017-12-25
208,1,102.8,2017-12-26
209,1,59.0,2017-12-27
210,1,40.7,2017-12-28
211,1,78.58,2017-12-29
212,1,56.74,2017-12-30
213,1,39.66,2017-12-31
214,1,82.86,2018-01-01
215,1,70.96,2018-01-02
216,1,88.77,2018-01-03
217,1,83.95,2018-01-04
218,1,77.45,2018-01-05
219,1,47.29,2018-01-06
220,1,63.5,2018-01-07
221,1,30.97,2018-01-08
222,1,54.71,2018-01-09
223,1,81.81,2018-01-10
224,1,79.24,2018-01-11
225,1,54.48,2018-01-12
226,1,36.75,2018-01-13
227,1,53.25,2018-01-14
228,1,96.79,2018-01-15
229,1,82.05,2018-01-16
230,1,52.93,2018-01-17
231,1,31.47,2018-01-18
232,1,89.01,2018-01-19
233,1,50.77,2018-01-20
234,1,59.89,2018-01-21
235,1,87.81,2018-01-22
236,1,70.27,2018-01-23
237,1,83.17,2018-01-24
238,1,61.46,2018-01-25
239,1,68.03,2018-01-26
240,1,71.26,2018-01-27
241,1,61.7,2018-01-28
242,1,98.53,2018-01-29
243,1,117.35,2018-01-30
244,1,97.7,2018-01-31
245,1,104.67,2018-02-01
246,1,78.98,2018-02-02
247,1,51.0,2018-02-03
248,1,49.93,2018-02-04
249,1,80.3,2018-02-05
250,1,54.15,2018-02-06
251,1,87.95,2018-02-07
252,1,49.97,2018-02-08
253,1,90.23,2018-02-09
254,1,66.7,2018-02-10
255,1,88.5,2018-02-11
256,1,91.64,2018-02-12
257,1,112.28,2018-02-13
258,1,103.04,2018-02-14
259,1,129.46,2018-02-15
260,1,57.28,2018-02-16
261,1,50.57,2018-02-17
262,1,60.41,2018-02-18
263,1,93.1,2018-02-19
264,1,81.51,2018-02-20
265,1,77.12,2018-02-21
266,1,99.56,2018-02-22
267,1,76.71,2018-02-23
268,1,74.39,2018-02-24
269,1,72.7,2018-02-25
270,1,77.29,2018-02-26
271,1,89.24,2018-02-27
272,1,55.8,2018-02-28
273,1,68.14,2018-03-01
274,1,76.1,2018-03-02
275,1,39.55,2018-03-03
276,1,48.04,2018-03-04
277,1,80.71,2018-03-05
278,1,76.26,2018-03-06
279,1,55.27,2018-03-07
280,1,56.41,2018-03-08
281,1,62.35,2018-03-09
282,1,48.78,2018-03-10
283,1,49.35,2018-03-11
284,1,64.66,2018-03-12
285,1,97.46,2018-03-13
286,1,70.02,2018-03-14
287,1,56.05,2018-03-15
288,1,50.22,2018-03-16
289,1,18.37,2018-03-17
290,1,50.77,2018-03-18
291,1,57.07,2018-03-19
292,1,69.43,2018-03-20
293,1,80.4,2018-03-21
294,1,102.05,2018-03-22
295,1,59.97,2018-03-23
296,1,78.98,2018-03-24
297,1,87.7,2018-03-25
298,1,69.98,2018-03-26
299,1,108.24,2018-03-27
300,1,63.78,2018-03-28
301,1,40.0,2018-03-29
302,1,6.98,2018-03-30
303,1,15.67,2018-04-02
304,1,42.96,2018-04-03
305,1,55.59,2018-04-04
306,1,43.52,2018-04-05
307,1,54.06,2018-04-06
308,1,44.17,2018-04-07
309,1,28.57,2018-04-08
310,1,21.56,2018-04-09
311,1,41.21,2018-04-10
312,1,42.23,2018-04-11
313,1,54.32,2018-04-12
314,1,61.05,2018-04-13
315,1,27.15,2018-04-14
316,1,37.02,2018-04-15
317,1,34.66,2018-04-16
318,1,48.96,2018-04-17
319,1,67.16,2018-04-18
320,1,81.98,2018-04-19
321,1,45.84,2018-04-20
322,1,53.71,2018-04-21
323,1,53.66,2018-04-22
324,1,41.57,2018-04-23
325,1,35.06,2018-04-24
326,1,69.61,2018-04-25
327,1,72.51,2018-04-26
328,1,39.27,2018-04-27
329,1,74.23,2018-04-28
330,1,27.32,2018-04-29
331,1,12.87,2018-04-30
332,1,27.64,2018-05-01
333,1,33.07,2018-05-02
334,1,41.27,2018-05-03
335,1,64.44,2018-05-04
336,1,19.2,2018-05-05
337,1,52.91,2018-05-06
338,1,34.86,2018-05-07
339,1,20.5,2018-05-08
340,1,28.16,2018-05-09
341,1,37.55,2018-05-10
342,1,33.21,2018-05-11
343,1,34.69,2018-05-12
344,1,32.28,2018-05-13
345,1,64.38,2018-05-14
346,1,47.0,2018-05-15
347,1,66.39,2018-05-16
348,1,57.07,2018-05-17
349,1,49.19,2018-05-18
350,1,48.37,2018-05-19
351,1,29.76,2018-05-20
352,1,40.3,2018-05-21
353,1,33.08,2018-05-22
354,1,36.25,2018-05-23
355,1,53.93,2018-05-24
356,1,29.89,2018-05-25
357,1,33.56,2018-05-26
358,1,30.89,2018-05-27
359,1,54.47,2018-05-28
360,1,61.13,2018-05-29
361,1,130.47,2018-05-30
362,1,141.7,2018-05-31
363,2,132.56,2017-06-01
364,2,132.38,2017-06-02
365,2,77.2,2017-06-03
366,2,79.08,2017-06-04
367,2,108.96,2017-06-05
368,2,167.81,2017-06-06
369,2,92.62,2017-06-07
370,2,114.05,2017-06-08
371,2,83.96,2017-06-09
372,2,35.95,2017-06-10
373,2,49.79,2017-06-11
374,2,50.5,2017-06-12
375,2,47.08,2017-06-13
376,2,40.66,2017-06-14
377,2,72.09,2017-06-15
378,2,53.27,2017-06-16
379,2,45.56,2017-06-17
380,2,49.47,2017-06-18
381,2,58.54,2017-06-19
382,2,94.2,2017-06-20
383,2,102.7,2017-06-21
384,2,86.15,2017-06-22
385,2,49.09,2017-06-23
386,2,54.51,2017-06-24
387,2,60.33,2017-06-25
388,2,96.14,2017-06-26
389,2,79.26,2017-06-27
390,2,108.52,2017-06-28
391,2,117.28,2017-06-29
392,2,87.67,2017-06-30
393,2,61.77,2017-07-01
394,2,43.28,2017-07-02
395,2,91.52,2017-07-03
396,2,88.26,2017-07-04
397,2,58.95,2017-07-05
398,2,52.27,2017-07-06
399,2,80.34,2017-07-07
400,2,79.89,2017-07-08
401,2,64.23,2017-07-09
402,2,66.23,2017-07-10
403,2,108.81,2017-07-11
404,2,95.68,2017-07-12
405,2,88.51,2017-07-13
406,2,124.0,2017-07-14
407,2,96.34,2017-07-15
408,2,73.94,2017-07-16
409,2,196.68,2017-07-17
410,2,80.87,2017-07-18
411,2,73.14,2017-07-19
412,2,62.1,2017-07-20
413,2,78.24,2017-07-21
414,2,79.86,2017-07-22
415,2,41.43,2017-07-23
416,2,62.56,2017-07-24
417,2,56.9,2017-07-25
418,2,67.83,2017-07-26
419,2,53.35,2017-07-27
420,2,59.86,2017-07-28
421,2,23.74,2017-07-29
422,2,54.72,2017-07-30
423,2,67.81,2017-07-31
424,2,84.42,2017-08-01
425,2,54.21,2017-08-02
426,2,46.52,2017-08-03
427,2,70.81,2017-08-04
428,2,44.31,2017-08-05
429,2,28.67,2017-08-06
430,2,32.72,2017-08-07
431,2,56.98,2017-08-08
432,2,35.91,2017-08-09
433,2,55.19,2017-08-10
434,2,45.89,2017-08-11
435,2,36.05,2017-08-12
436,2,42.78,2017-08-13
437,2,55.77,2017-08-14
438,2,52.23,2017-08-15
439,2,88.73,2017-08-16
440,2,97.53,2017-08-17
441,2,51.7,2017-08-18
442,2,50.1,2017-08-19
443,2,50.96,2017-08-20
444,2,59.69,2017-08-21
445,2,52.39,2017-08-22
446,2,68.44,2017-08-23
447,2,54.21,2017-08-24
448,2,58.65,2017-08-25
449,2,45.69,2017-08-26
450,2,59.08,2017-08-27
451,2,74.89,2017-08-28
452,2,69.44,2017-08-29
453,2,77.47,2017-08-30
454,2,109.62,2017-08-31
455,2,65.27,2017-09-01
456,2,57.95,2017-09-02
457,2,75.83,2017-09-03
458,2,55.43,2017-09-04
459,2,96.44,2017-09-05
460,2,136.21,2017-09-06
461,2,94.66,2017-09-07
462,2,98.74,2017-09-08
463,2,62.03,2017-09-09
464,2,80.49,2017-09-10
465,2,82.77,2017-09-11
466,2,81.64,2017-09-12
467,2,113.53,2017-09-13
468,2,99.72,2017-09-14
469,2,58.03,2017-09-15
470,2,77.42,2017-09-16
471,2,77.3,2017-09-17
472,2,103.36,2017-09-18
473,2,93.57,2017-09-19
474,2,80.13,2017-09-20
475,2,140.29,2017-09-21
476,2,96.75,2017-09-22
477,2,75.39,2017-09-23
478,2,106.94,2017-09-24
479,2,174.67,2017-09-25
480,2,109.95,2017-09-26
481,2,149.61,2017-09-27
482,2,151.35,2017-09-28
483,2,170.09,2017-09-29
484,2,120.1,2017-09-30
485,2,90.53,2017-10-01
486,2,177.67,2017-10-02
487,2,165.71,2017-10-03
488,2,204.96,2017-10-04
489,2,145.18,2017-10-05
490,2,272.59,2017-10-06
491,2,161.63,2017-10-07
492,2,133.42,2017-10-08
493,2,152.23,2017-10-09
494,2,133.24,2017-10-10
495,2,162.05,2017-10-11
496,2,197.27,2017-10-12
497,2,213.09,2017-10-13
498,2,131.73,2017-10-14
499,2,125.95,2017-10-15
500,2,138.79,2017-10-16
501,2,145.7,2017-10-17
502,2,124.34,2017-10-18
503,2,154.09,2017-10-19
504,2,201.57,2017-10-20
505,2,145.0,2017-10-21
506,2,165.84,2017-10-22
507,2,119.32,2017-10-23
508,2,116.4,2017-10-24
509,2,201.39,2017-10-25
510,2,131.85,2017-10-26
511,2,178.17,2017-10-27
512,2,129.0,2017-10-28
513,2,137.8,2017-10-29
514,2,188.63,2017-10-30
515,2,99.86,2017-10-31
516,2,204.4,2017-11-01
517,2,218.45,2017-11-02
518,2,159.16,2017-11-03
519,2,134.45,2017-11-04
520,2,196.33,2017-11-05
521,2,125.58,2017-11-06
522,2,125.18,2017-11-07
523,2,171.77,2017-11-08
524,2,121.06,2017-11-09
525,2,160.6,2017-11-10
526,2,133.35,2017-11-11
527,2,119.54,2017-11-12
528,2,175.9,2017-11-13
529,2,150.53,2017-11-14
530,2,107.63,2017-11-15
531,2,272.25,2017-11-16
532,2,153.89,2017-11-17
533,2,124.52,2017-11-18
534,2,185.27,2017-11-19
535,2,207.91,2017-11-20
536,2,167.37,2017-11-21
537,2,126.59,2017-11-22
538,2,161.19,2017-11-23
539,2,507.09,2017-11-24
540,2,238.81,2017-11-25
541,2,184.69,2017-11-26
542,2,160.79,2017-11-27
543,2,199.55,2017-11-28
544,2,110.41,2017-11-29
545,2,143.42,2017-11-30
546,2,193.39,2017-12-01
547,2,121.91,2017-12-02
548,2,146.74,2017-12-03
549,2,179.38,2017-12-04
550,2,142.95,2017-12-05
551,2,160.62,2017-12-06
552,2,224.42,2017-12-07
553,2,176.55,2017-12-08
554,2,128.35,2017-12-09
555,2,164.37,2017-12-10
556,2,208.46,2017-12-11
557,2,222.31,2017-12-12
558,2,138.29,2017-12-13
559,2,213.38,2017-12-14
560,2,179.36,2017-12-15
561,2,169.75,2017-12-16
562,2,152.38,2017-12-17
563,2,130.33,2017-12-18
564,2,166.4,2017-12-19
565,2,122.19,2017-12-20
566,2,108.06,2017-12-21
567,2,90.53,2017-12-22
568,2,145.14,2017-12-23
569,2,131.91,2017-12-24
570,2,176.2,2017-12-25
571,2,181.8,2017-12-26
572,2,144.42,2017-12-27
573,2,195.88,2017-12-28
574,2,133.01,2017-12-29
575,2,158.27,2017-12-30
576,2,91.05,2017-12-31
577,2,113.13,2018-01-01
578,2,146.25,2018-01-02
579,2,137.03,2018-01-03
580,2,153.54,2018-01-04
581,2,115.97,2018-01-05
582,2,119.81,2018-01-06
583,2,117.94,2018-01-07
584,2,128.98,2018-01-08
585,2,184.67,2018-01-09
586,2,185.36,2018-01-10
587,2,140.1,2018-01-11
588,2,149.57,2018-01-12
589,2,90.47,2018-01-13
590,2,98.85,2018-01-14
591,2,158.16,2018-01-15
592,2,104.29,2018-01-16
593,2,106.49,2018-01-17
594,2,126.74,2018-01-18
595,2,150.85,2018-01-19
596,2,152.28,2018-01-20
597,2,100.46,2018-01-21
598,2,188.81,2018-01-22
599,2,113.58,2018-01-23
600,2,124.23,2018-01-24
601,2,105.91,2018-01-25
602,2,99.34,2018-01-26
603,2,129.01,2018-01-27
604,2,109.3,2018-01-28
605,2,270.67,2018-01-29
606,2,153.06,2018-01-30
607,2,82.89,2018-01-31
608,2,268.84,2018-02-01
609,2,137.27,2018-02-02
610,2,121.58,2018-02-03
611,2,138.34,2018-02-04
612,2,140.44,2018-02-05
613,2,124.81,2018-02-06
614,2,192.33,2018-02-07
615,2,133.54,2018-02-08
616,2,182.99,2018-02-09
617,2,253.15,2018-02-10
618,2,156.64,2018-02-11
619,2,173.06,2018-02-12
620,2,145.64,2018-02-13
621,2,187.85,2018-02-14
622,2,181.31,2018-02-15
623,2,121.06,2018-02-16
624,2,177.42,2018-02-17
625,2,169.99,2018-02-18
626,2,138.62,2018-02-19
627,2,184.04,2018-02-20
628,2,130.91,2018-02-21
629,2,242.84,2018-02-22
630,2,79.07,2018-02-23
631,2,158.59,2018-02-24
632,2,119.49,2018-02-25
633,2,130.16,2018-02-26
634,2,144.51,2018-02-27
635,2,139.85,2018-02-28
636,2,96.13,2018-03-01
637,2,149.68,2018-03-02
638,2,106.29,2018-03-03
639,2,119.26,2018-03-04
640,2,165.52,2018-03-05
641,2,121.25,2018-03-06
642,2,126.08,2018-03-07
643,2,168.36,2018-03-08
644,2,96.99,2018-03-09
645,2,109.34,2018-03-10
646,2,165.23,2018-03-11
647,2,142.05,2018-03-12
648,2,118.27,2018-03-13
649,2,112.42,2018-03-14
650,2,126.74,2018-03-15
651,2,119.82,2018-03-16
652,2,99.27,2018-03-17
653,2,91.15,2018-03-18
654,2,131.53,2018-03-19
655,2,173.69,2018-03-20
656,2,148.75,2018-03-21
657,2,142.55,2018-03-22
658,2,165.39,2018-03-23
659,2,203.26,2018-03-24
660,2,125.0,2018-03-25
661,2,212.38,2018-03-26
662,2,134.7,2018-03-27
663,2,120.75,2018-03-28
664,2,136.21,2018-03-29
665,2,15.08,2018-03-30
666,2,90.86,2018-04-02
667,2,83.54,2018-04-03
668,2,92.35,2018-04-04
669,2,123.88,2018-04-05
670,2,126.38,2018-04-06
671,2,62.95,2018-04-07
672,2,111.13,2018-04-08
673,2,160.18,2018-04-09
674,2,97.32,2018-04-10
675,2,113.94,2018-04-11
676,2,114.41,2018-04-12
677,2,108.68,2018-04-13
678,2,71.49,2018-04-14
679,2,70.05,2018-04-15
680,2,123.83,2018-04-16
681,2,99.44,2018-04-17
682,2,121.69,2018-04-18
683,2,150.91,2018-04-19
684,2,136.91,2018-04-20
685,2,77.12,2018-04-21
686,2,76.97,2018-04-22
687,2,135.85,2018-04-23
688,2,134.53,2018-04-24
689,2,138.46,2018-04-25
690,2,100.86,2018-04-26
691,2,76.17,2018-04-27
692,2,90.52,2018-04-28
693,2,38.51,2018-04-29
694,2,64.77,2018-04-30
695,2,41.31,2018-05-01
696,2,67.77,2018-05-02
697,2,135.37,2018-05-03
698,2,80.2,2018-05-04
699,2,52.86,2018-05-05
700,2,51.37,2018-05-06
701,2,58.35,2018-05-07
702,2,60.29,2018-05-08
703,2,45.38,2018-05-09
704,2,62.69,2018-05-10
705,2,82.25,2018-05-11
706,2,61.59,2018-05-12
707,2,63.59,2018-05-13
708,2,119.08,2018-05-14
709,2,111.66,2018-05-15
710,2,133.03,2018-05-16
711,2,70.77,2018-05-17
712,2,79.88,2018-05-18
713,2,86.66,2018-05-19
714,2,63.21,2018-05-20
715,2,95.9,2018-05-21
716,2,103.77,2018-05-22
717,2,65.77,2018-05-23
718,2,88.89,2018-05-24
719,2,78.55,2018-05-25
720,2,54.07,2018-05-26
721,2,113.35,2018-05-27
722,2,82.67,2018-05-28
723,2,105.75,2018-05-29
724,2,119.26,2018-05-30
725,2,254.15,2018-05-31
726,3,349.38,2017-06-01
727,3,314.22,2017-06-02
728,3,196.12,2017-06-03
729,3,389.87,2017-06-04
730,3,424.47,2017-06-05
731,3,332.77,2017-06-06
732,3,237.02,2017-06-07
733,3,727.29,2017-06-08
734,3,461.07,2017-06-09
735,3,148.42,2017-06-10
736,3,148.5,2017-06-11
737,3,127.54,2017-06-12
738,3,45.73,2017-06-13
739,3,221.27,2017-06-14
740,3,334.99,2017-06-15
741,3,272.4,2017-06-16
742,3,184.27,2017-06-17
743,3,214.63,2017-06-18
744,3,347.54,2017-06-19
745,3,122.17,2017-06-20
746,3,205.21,2017-06-21
747,3,372.5,2017-06-22
748,3,225.21,2017-06-23
749,3,57.07,2017-06-24
750,3,207.36,2017-06-25
751,3,188.88,2017-06-26
752,3,229.18,2017-06-27
753,3,200.73,2017-06-28
754,3,103.47,2017-06-29
755,3,342.37,2017-06-30
756,3,174.94,2017-07-01
757,3,207.03,2017-07-02
758,3,273.75,2017-07-03
759,3,331.36,2017-07-04
760,3,233.41,2017-07-05
761,3,349.63,2017-07-06
762,3,241.25,2017-07-07
763,3,243.65,2017-07-08
764,3,291.75,2017-07-09
765,3,243.38,2017-07-10
766,3,284.19,2017-07-11
767,3,355.82,2017-07-12
768,3,237.93,2017-07-13
769,3,518.41,2017-07-14
770,3,306.19,2017-07-15
771,3,198.49,2017-07-16
772,3,352.5,2017-07-17
773,3,203.7,2017-07-18
774,3,174.5,2017-07-19
775,3,179.74,2017-07-20
776,3,410.71,2017-07-21
777,3,182.17,2017-07-22
778,3,129.22,2017-07-23
779,3,272.24,2017-07-24
780,3,207.46,2017-07-25
781,3,138.07,2017-07-26
782,3,189.37,2017-07-27
783,3,97.25,2017-07-28
784,3,177.74,2017-07-29
785,3,212.65,2017-07-30
786,3,255.87,2017-07-31
787,3,273.19,2017-08-01
788,3,149.18,2017-08-02
789,3,199.69,2017-08-03
790,3,136.09,2017-08-04
791,3,94.11,2017-08-05
792,3,116.5,2017-08-06
793,3,96.13,2017-08-07
794,3,225.66,2017-08-08
795,3,146.72,2017-08-09
796,3,246.74,2017-08-10
797,3,165.68,2017-08-11
798,3,78.15,2017-08-12
799,3,179.91,2017-08-13
800,3,202.24,2017-08-14
801,3,192.73,2017-08-15
802,3,208.7,2017-08-16
803,3,302.19,2017-08-17
804,3,242.57,2017-08-18
805,3,190.33,2017-08-19
806,3,223.77,2017-08-20
807,3,208.13,2017-08-21
808,3,187.84,2017-08-22
809,3,189.78,2017-08-23
810,3,215.38,2017-08-24
811,3,156.91,2017-08-25
812,3,184.72,2017-08-26
813,3,212.8,2017-08-27
814,3,276.51,2017-08-28
815,3,221.59,2017-08-29
816,3,266.46,2017-08-30
817,3,353.14,2017-08-31
818,3,237.51,2017-09-01
819,3,105.01,2017-09-02
820,3,245.4,2017-09-03
821,3,144.76,2017-09-04
822,3,421.37,2017-09-05
823,3,257.91,2017-09-06
824,3,410.8,2017-09-07
825,3,431.65,2017-09-08
826,3,330.87,2017-09-09
827,3,262.62,2017-09-10
828,3,328.94,2017-09-11
829,3,102.11,2017-09-12
830,3,561.03,2017-09-13
831,3,454.22,2017-09-14
832,3,364.39,2017-09-15
833,3,229.28,2017-09-16
834,3,364.78,2017-09-17
835,3,276.36,2017-09-18
836,3,503.55,2017-09-19
837,3,330.87,2017-09-20
838,3,86.02,2017-09-21
839,3,281.4,2017-09-22
840,3,180.88,2017-09-23
841,3,346.07,2017-09-24
842,3,455.29,2017-09-25
843,3,531.85,2017-09-26
844,3,552.22,2017-09-27
845,3,224.08,2017-09-28
846,3,421.28,2017-09-29
847,3,521.03,2017-09-30
848,3,448.54,2017-10-01
849,3,558.33,2017-10-02
850,3,620.7,2017-10-03
851,3,497.16,2017-10-04
852,3,765.45,2017-10-05
853,3,980.52,2017-10-06
854,3,624.13,2017-10-07
855,3,279.46,2017-10-08
856,3,444.12,2017-10-09
857,3,750.95,2017-10-10
858,3,433.84,2017-10-11
859,3,285.02,2017-10-12
860,3,703.26,2017-10-13
861,3,215.19,2017-10-14
862,3,461.56,2017-10-15
863,3,227.3,2017-10-16
864,3,515.74,2017-10-17
865,3,499.52,2017-10-18
866,3,473.7,2017-10-19
867,3,516.12,2017-10-20
868,3,195.93,2017-10-21
869,3,334.13,2017-10-22
870,3,504.54,2017-10-23
871,3,565.97,2017-10-24
872,3,369.48,2017-10-25
873,3,435.66,2017-10-26
874,3,824.66,2017-10-27
875,3,614.7,2017-10-28
876,3,727.16,2017-10-29
877,3,495.34,2017-10-30
878,3,369.06,2017-10-31
879,3,617.56,2017-11-01
880,3,633.72,2017-11-02
881,3,811.14,2017-11-03
882,3,383.86,2017-11-04
883,3,363.83,2017-11-05
884,3,385.05,2017-11-06
885,3,472.89,2017-11-07
886,3,404.08,2017-11-08
887,3,224.83,2017-11-09
888,3,542.29,2017-11-10
889,3,396.88,2017-11-11
890,3,564.78,2017-11-12
891,3,412.38,2017-11-13
892,3,476.64,2017-11-14
893,3,301.45,2017-11-15
894,3,749.26,2017-11-16
895,3,248.1,2017-11-17
896,3,608.15,2017-11-18
897,3,269.85,2017-11-19
898,3,106.78,2017-11-20
899,3,693.85,2017-11-21
900,3,508.41,2017-11-22
901,3,713.97,2017-11-23
902,3,1788.28,2017-11-24
903,3,803.14,2017-11-25
904,3,579.39,2017-11-26
905,3,831.73,2017-11-27
906,3,701.35,2017-11-28
907,3,654.18,2017-11-29
908,3,777.52,2017-11-30
909,3,452.52,2017-12-01
910,3,425.38,2017-12-02
911,3,404.96,2017-12-03
912,3,539.16,2017-12-04
913,3,274.88,2017-12-05
914,3,531.99,2017-12-06
915,3,682.59,2017-12-07
916,3,422.58,2017-12-08
917,3,560.65,2017-12-09
918,3,550.32,2017-12-10
919,3,1061.18,2017-12-11
920,3,802.27,2017-12-12
921,3,758.28,2017-12-13
922,3,679.05,2017-12-14
923,3,648.71,2017-12-15
924,3,350.28,2017-12-16
925,3,518.7,2017-12-17
926,3,500.39,2017-12-18
927,3,218.25,2017-12-19
928,3,624.59,2017-12-20
929,3,482.27,2017-12-21
930,3,567.75,2017-12-22
931,3,100.85,2017-12-23
932,3,637.19,2017-12-24
933,3,497.03,2017-12-25
934,3,156.05,2017-12-26
935,3,279.55,2017-12-27
936,3,858.28,2017-12-28
937,3,566.09,2017-12-29
938,3,633.59,2017-12-30
939,3,434.14,2017-12-31
940,3,364.64,2018-01-01
941,3,594.16,2018-01-02
942,3,844.63,2018-01-03
943,3,758.83,2018-01-04
944,3,498.58,2018-01-05
945,3,354.74,2018-01-06
946,3,435.94,2018-01-07
947,3,252.17,2018-01-08
948,3,396.09,2018-01-09
949,3,448.79,2018-01-10
950,3,548.97,2018-01-11
951,3,495.72,2018-01-12
952,3,340.15,2018-01-13
953,3,502.7,2018-01-14
954,3,547.61,2018-01-15
955,3,642.89,2018-01-16
956,3,435.1,2018-01-17
957,3,396.24,2018-01-18
958,3,784.57,2018-01-19
959,3,403.24,2018-01-20
960,3,366.84,2018-01-21
961,3,297.41,2018-01-22
962,3,429.22,2018-01-23
963,3,544.27,2018-01-24
964,3,470.87,2018-01-25
965,3,412.99,2018-01-26
966,3,289.71,2018-01-27
967,3,443.97,2018-01-28
968,3,462.78,2018-01-29
969,3,565.06,2018-01-30
970,3,479.9,2018-01-31
971,3,636.36,2018-02-01
972,3,698.2,2018-02-02
973,3,475.9,2018-02-03
974,3,288.08,2018-02-04
975,3,845.75,2018-02-05
976,3,304.88,2018-02-06
977,3,405.02,2018-02-07
978,3,379.87,2018-02-08
979,3,822.49,2018-02-09
980,3,696.42,2018-02-10
981,3,503.52,2018-02-11
982,3,481.29,2018-02-12
983,3,791.51,2018-02-13
984,3,606.1,2018-02-14
985,3,506.63,2018-02-15
986,3,377.97,2018-02-16
987,3,414.5,2018-02-17
988,3,241.55,2018-02-18
989,3,774.05,2018-02-19
990,3,559.89,2018-02-20
991,3,456.22,2018-02-21
992,3,769.47,2018-02-22
993,3,79.62,2018-02-23
994,3,579.05,2018-02-24
995,3,455.87,2018-02-25
996,3,423.43,2018-02-26
997,3,356.55,2018-02-27
998,3,298.37,2018-02-28
999,3,688.48,2018-03-01
1000,3,646.35,2018-03-02
1001,3,324.12,2018-03-03
1002,3,232.25,2018-03-04
1003,3,249.87,2018-03-05
1004,3,121.28,2018-03-06
1005,3,996.15,2018-03-07
1006,3,252.95,2018-03-08
1007,3,410.89,2018-03-09
1008,3,609.1,2018-03-10
1009,3,471.25,2018-03-11
1010,3,570.53,2018-03-12
1011,3,498.59,2018-03-13
1012,3,428.23,2018-03-14
1013,3,702.52,2018-03-15
1014,3,252.37,2018-03-16
1015,3,449.81,2018-03-17
1016,3,178.75,2018-03-18
1017,3,418.56,2018-03-19
1018,3,522.96,2018-03-20
1019,3,144.63,2018-03-21
1020,3,758.15,2018-03-22
1021,3,587.14,2018-03-23
1022,3,272.83,2018-03-24
1023,3,142.69,2018-03-25
1024,3,642.59,2018-03-26
1025,3,700.76,2018-03-27
1026,3,289.93,2018-03-28
1027,3,477.86,2018-03-29
1028,3,39.26,2018-03-30
1029,3,317.38,2018-04-02
1030,3,506.88,2018-04-03
1031,3,517.14,2018-04-04
1032,3,225.38,2018-04-05
1033,3,486.8,2018-04-06
1034,3,295.39,2018-04-07
1035,3,75.9,2018-04-08
1036,3,275.62,2018-04-09
1037,3,451.91,2018-04-10
1038,3,322.04,2018-04-11
1039,3,221.52,2018-04-12
1040,3,186.29,2018-04-13
1041,3,272.6,2018-04-14
1042,3,271.07,2018-04-15
1043,3,203.73,2018-04-16
1044,3,347.63,2018-04-17
1045,3,330.7,2018-04-18
1046,3,603.7,2018-04-19
1047,3,184.98,2018-04-20
1048,3,219.22,2018-04-21
1049,3,467.88,2018-04-22
1050,3,396.01,2018-04-23
1051,3,372.35,2018-04-24
1052,3,448.29,2018-04-25
1053,3,384.02,2018-04-26
1054,3,316.37,2018-04-27
1055,3,316.81,2018-04-28
1056,3,135.33,2018-04-29
1057,3,143.87,2018-04-30
1058,3,299.0,2018-05-01
1059,3,163.83,2018-05-02
1060,3,262.65,2018-05-03
1061,3,359.21,2018-05-04
1062,3,164.52,2018-05-05
1063,3,148.85,2018-05-06
1064,3,302.21,2018-05-07
1065,3,267.01,2018-05-08
1066,3,192.89,2018-05-09
1067,3,390.34,2018-05-10
1068,3,309.55,2018-05-11
1069,3,313.79,2018-05-12
1070,3,271.35,2018-05-13
1071,3,218.5,2018-05-14
1072,3,312.35,2018-05-15
1073,3,370.19,2018-05-16
1074,3,156.52,2018-05-17
1075,3,414.42,2018-05-18
1076,3,180.85,2018-05-19
1077,3,172.81,2018-05-20
1078,3,126.83,2018-05-21
1079,3,336.66,2018-05-22
1080,3,323.1,2018-05-23
1081,3,352.08,2018-05-24
1082,3,439.4,2018-05-25
1083,3,278.02,2018-05-26
1084,3,254.9,2018-05-27
1085,3,247.92,2018-05-28
1086,3,347.59,2018-05-29
1087,3,611.78,2018-05-30
1088,3,822.3,2018-05-31
1089,4,76.74,2017-06-01
1090,4,59.21,2017-06-02
1091,4,59.39,2017-06-03
1092,4,161.97,2017-06-04
1093,4,44.65,2017-06-05
1094,4,2.38,2017-06-06
1095,4,28.46,2017-06-07
1096,4,283.81,2017-06-08
1097,4,446.64,2017-06-09
1098,4,80.25,2017-06-10
1099,4,71.66,2017-06-11
1100,4,101.0,2017-06-12
1101,4,79.65,2017-06-13
1102,4,46.55,2017-06-14
1103,4,320.16,2017-06-15
1104,4,73.25,2017-06-16
1105,4,68.61,2017-06-17
1106,4,74.01,2017-06-18
1107,4,51.9,2017-06-19
1108,4,194.46,2017-06-20
1109,4,52.6,2017-06-21
1110,4,102.29,2017-06-22
1111,4,268.03,2017-06-23
1112,4,143.2,2017-06-24
1113,4,168.31,2017-06-25
1114,4,45.0,2017-06-26
1115,4,114.44,2017-06-27
1116,4,54.02,2017-06-28
1117,4,23.41,2017-06-29
1118,4,218.75,2017-06-30
1119,4,43.17,2017-07-01
1120,4,161.67,2017-07-02
1121,4,54.69,2017-07-03
1122,4,93.86,2017-07-04
1123,4,74.94,2017-07-05
1124,4,273.2,2017-07-06
1125,4,13.58,2017-07-07
1126,4,91.94,2017-07-08
1127,4,51.91,2017-07-09
1128,4,59.37,2017-07-10
1129,4,38.38,2017-07-11
1130,4,54.86,2017-07-12
1131,4,59.66,2017-07-13
1132,4,448.92,2017-07-14
1133,4,90.66,2017-07-15
1134,4,10.99,2017-07-16
1135,4,298.2,2017-07-17
1136,4,278.26,2017-07-18
1137,4,150.08,2017-07-19
1138,4,172.85,2017-07-20
1139,4,178.37,2017-07-21
1140,4,9.59,2017-07-22
1141,4,42.18,2017-07-23
1142,4,153.37,2017-07-24
1143,4,89.37,2017-07-25
1144,4,60.41,2017-07-26
1145,4,141.77,2017-07-27
1146,4,126.26,2017-07-28
1147,4,29.52,2017-07-29
1148,4,27.97,2017-07-30
1149,4,149.73,2017-07-31
1150,4,36.22,2017-08-01
1151,4,109.08,2017-08-02
1152,4,167.72,2017-08-03
1153,4,109.33,2017-08-04
1154,4,73.41,2017-08-05
1155,4,31.19,2017-08-06
1156,4,8.36,2017-08-07
1157,4,39.92,2017-08-08
1158,4,92.77,2017-08-09
1159,4,91.02,2017-08-10
1160,4,106.65,2017-08-11
1161,4,69.85,2017-08-12
1162,4,84.61,2017-08-13
1163,4,35.83,2017-08-14
1164,4,210.6,2017-08-15
1165,4,228.72,2017-08-16
1166,4,19.99,2017-08-17
1167,4,129.32,2017-08-18
1168,4,184.76,2017-08-19
1169,4,28.41,2017-08-20
1170,4,4.0,2017-08-21
1171,4,214.23,2017-08-22
1172,4,130.07,2017-08-23
1173,4,45.19,2017-08-24
1174,4,174.93,2017-08-25
1175,4,33.11,2017-08-26
1176,4,212.58,2017-08-27
1177,4,113.71,2017-08-28
1178,4,1.74,2017-08-29
1179,4,316.81,2017-08-30
1180,4,113.23,2017-08-31
1181,4,54.43,2017-09-01
1182,4,59.41,2017-09-02
1183,4,208.19,2017-09-03
1184,4,249.91,2017-09-04
1185,4,73.44,2017-09-05
1186,4,263.13,2017-09-06
1187,4,362.7,2017-09-07
1188,4,307.03,2017-09-08
1189,4,50.32,2017-09-09
1190,4,118.53,2017-09-10
1191,4,83.39,2017-09-11
1192,4,181.7,2017-09-12
1193,4,138.54,2017-09-13
1194,4,331.25,2017-09-14
1195,4,107.81,2017-09-15
1196,4,223.44,2017-09-16
1197,4,59.76,2017-09-17
1198,4,154.6,2017-09-18
1199,4,10.23,2017-09-19
1200,4,51.3,2017-09-20
1201,4,95.94,2017-09-21
1202,4,359.35,2017-09-22
1203,4,127.75,2017-09-23
1204,4,170.74,2017-09-24
1205,4,46.58,2017-09-25
1206,4,261.97,2017-09-26
1207,4,48.69,2017-09-27
1208,4,270.94,2017-09-28
1209,4,523.77,2017-09-29
1210,4,197.42,2017-09-30
1211,4,282.74,2017-10-01
1212,4,129.08,2017-10-02
1213,4,119.74,2017-10-03
1214,4,161.14,2017-10-04
1215,4,434.14,2017-10-05
1216,4,172.24,2017-10-06
1217,4,259.13,2017-10-07
1218,4,154.38,2017-10-08
1219,4,263.95,2017-10-09
1220,4,305.53,2017-10-10
1221,4,113.03,2017-10-11
1222,4,63.37,2017-10-12
1223,4,12.16,2017-10-13
1224,4,109.49,2017-10-14
1225,4,60.02,2017-10-15
1226,4,103.63,2017-10-16
1227,4,1.96,2017-10-17
1228,4,103.2,2017-10-18
1229,4,287.31,2017-10-19
1230,4,378.15,2017-10-20
1231,4,561.65,2017-10-21
1232,4,258.74,2017-10-22
1233,4,274.26,2017-10-23
1234,4,243.86,2017-10-24
1235,4,235.48,2017-10-25
1236,4,300.89,2017-10-26
1237,4,395.49,2017-10-27
1238,4,85.86,2017-10-28
1239,4,236.95,2017-10-29
1240,4,309.56,2017-10-30
1241,4,3.71,2017-10-31
1242,4,90.16,2017-11-01
1243,4,270.7,2017-11-02
1244,4,48.25,2017-11-03
1245,4,228.73,2017-11-04
1246,4,387.64,2017-11-05
1247,4,223.11,2017-11-06
1248,4,50.19,2017-11-07
1249,4,312.31,2017-11-08
1250,4,4.09,2017-11-09
1251,4,224.96,2017-11-10
1252,4,318.96,2017-11-11
1253,4,256.17,2017-11-12
1254,4,458.41,2017-11-13
1255,4,57.03,2017-11-14
1256,4,32.09,2017-11-15
1257,4,418.31,2017-11-16
1258,4,86.21,2017-11-17
1259,4,312.73,2017-11-18
1260,4,51.8,2017-11-19
1261,4,7.19,2017-11-20
1262,4,22.24,2017-11-21
1263,4,236.37,2017-11-22
1264,4,47.6,2017-11-23
1265,4,80.88,2017-11-24
1266,4,267.3,2017-11-25
1267,4,58.15,2017-11-26
1268,4,68.76,2017-11-27
1269,4,87.09,2017-11-28
1270,4,242.35,2017-11-29
1271,4,439.04,2017-11-30
1272,4,104.28,2017-12-01
1273,4,117.69,2017-12-02
1274,4,256.2,2017-12-03
1275,4,473.2,2017-12-04
1276,4,788.03,2017-12-05
1277,4,85.34,2017-12-06
1278,4,372.14,2017-12-07
1279,4,28.14,2017-12-08
1280,4,367.51,2017-12-09
1281,4,66.03,2017-12-10
1282,4,509.15,2017-12-11
1283,4,325.47,2017-12-12
1284,4,191.42,2017-12-13
1285,4,279.2,2017-12-14
1286,4,593.39,2017-12-15
1287,4,95.71,2017-12-16
1288,4,421.49,2017-12-17
1289,4,72.47,2017-12-18
1290,4,42.16,2017-12-19
1291,4,229.25,2017-12-20
1292,4,219.21,2017-12-21
1293,4,64.88,2017-12-22
1294,4,457.46,2017-12-23
1295,4,25.28,2017-12-24
1296,4,304.38,2017-12-25
1297,4,252.6,2017-12-26
1298,4,187.92,2017-12-27
1299,4,89.49,2017-12-28
1300,4,362.48,2017-12-29
1301,4,237.85,2017-12-30
1302,4,60.65,2017-12-31
1303,4,92.45,2018-01-01
1304,4,281.71,2018-01-02
1305,4,102.03,2018-01-03
1306,4,194.2,2018-01-04
1307,4,118.87,2018-01-05
1308,4,301.0,2018-01-06
1309,4,130.14,2018-01-07
1310,4,14.55,2018-01-08
1311,4,66.62,2018-01-09
1312,4,67.72,2018-01-10
1313,4,557.49,2018-01-11
1314,4,159.19,2018-01-12
1315,4,68.96,2018-01-13
1316,4,99.48,2018-01-14
1317,4,19.93,2018-01-15
1318,4,420.21,2018-01-16
1319,4,386.59,2018-01-17
1320,4,94.14,2018-01-18
1321,4,363.74,2018-01-19
1322,4,96.7,2018-01-20
1323,4,212.55,2018-01-21
1324,4,560.97,2018-01-22
1325,4,11.67,2018-01-23
1326,4,106.02,2018-01-24
1327,4,8.81,2018-01-25
1328,4,379.13,2018-01-26
1329,4,227.3,2018-01-27
1330,4,152.14,2018-01-28
1331,4,315.11,2018-01-29
1332,4,149.99,2018-01-30
1333,4,73.38,2018-01-31
1334,4,10.46,2018-02-01
1335,4,290.24,2018-02-02
1336,4,84.62,2018-02-03
1337,4,155.41,2018-02-04
1338,4,167.23,2018-02-05
1339,4,185.07,2018-02-06
1340,4,4.7,2018-02-07
1341,4,202.29,2018-02-08
1342,4,281.17,2018-02-09
1343,4,718.84,2018-02-10
1344,4,350.14,2018-02-11
1345,4,414.37,2018-02-12
1346,4,112.65,2018-02-13
1347,4,8.12,2018-02-14
1348,4,427.46,2018-02-15
1349,4,138.81,2018-02-16
1350,4,100.71,2018-02-17
1351,4,440.81,2018-02-18
1352,4,164.76,2018-02-19
1353,4,286.74,2018-02-20
1354,4,260.03,2018-02-21
1355,4,131.14,2018-02-22
1356,4,85.63,2018-02-23
1357,4,180.81,2018-02-24
1358,4,258.94,2018-02-25
1359,4,57.12,2018-02-26
1360,4,69.79,2018-02-27
1361,4,123.9,2018-02-28
1362,4,364.8,2018-03-01
1363,4,40.49,2018-03-02
1364,4,6.31,2018-03-03
1365,4,104.19,2018-03-04
1366,4,335.27,2018-03-05
1367,4,348.6,2018-03-06
1368,4,336.61,2018-03-07
1369,4,275.19,2018-03-08
1370,4,77.68,2018-03-09
1371,4,285.0,2018-03-10
1372,4,485.34,2018-03-11
1373,4,13.89,2018-03-12
1374,4,496.42,2018-03-13
1375,4,140.16,2018-03-14
1376,4,196.12,2018-03-15
1377,4,94.32,2018-03-16
1378,4,219.68,2018-03-17
1379,4,0.83,2018-03-18
1380,4,219.8,2018-03-19
1381,4,294.67,2018-03-20
1382,4,146.74,2018-03-21
1383,4,109.82,2018-03-22
1384,4,58.34,2018-03-23
1385,4,196.0,2018-03-24
1386,4,241.82,2018-03-25
1387,4,297.49,2018-03-26
1388,4,51.2,2018-03-27
1389,4,303.04,2018-03-28
1390,4,206.36,2018-03-29
1391,4,15.69,2018-03-30
1392,4,65.09,2018-04-02
1393,4,56.98,2018-04-03
1394,4,51.62,2018-04-04
1395,4,226.01,2018-04-05
1396,4,118.28,2018-04-06
1397,4,36.92,2018-04-07
1398,4,45.96,2018-04-08
1399,4,364.56,2018-04-09
1400,4,199.19,2018-04-10
1401,4,161.69,2018-04-11
1402,4,160.14,2018-04-12
1403,4,487.0,2018-04-13
1404,4,243.86,2018-04-14
1405,4,144.55,2018-04-15
1406,4,210.94,2018-04-16
1407,4,50.59,2018-04-17
1408,4,68.18,2018-04-18
1409,4,45.03,2018-04-19
1410,4,357.11,2018-04-20
1411,4,4.55,2018-04-21
1412,4,210.54,2018-04-22
1413,4,65.52,2018-04-23
1414,4,57.69,2018-04-24
1415,4,14.13,2018-04-25
1416,4,346.0,2018-04-26
1417,4,207.3,2018-04-27
1418,4,12.44,2018-04-28
1419,4,339.13,2018-04-29
1420,4,57.49,2018-04-30
1421,4,130.82,2018-05-01
1422,4,136.8,2018-05-02
1423,4,164.61,2018-05-03
1424,4,196.83,2018-05-04
1425,4,160.29,2018-05-05
1426,4,39.57,2018-05-06
1427,4,192.17,2018-05-07
1428,4,132.93,2018-05-08
1429,4,133.48,2018-05-09
1430,4,60.58,2018-05-10
1431,4,1.31,2018-05-11
1432,4,58.74,2018-05-12
1433,4,145.15,2018-05-13
1434,4,93.19,2018-05-14
1435,4,48.68,2018-05-15
1436,4,199.99,2018-05-16
1437,4,227.86,2018-05-17
1438,4,265.19,2018-05-18
1439,4,179.98,2018-05-19
1440,4,195.92,2018-05-20
1441,4,80.09,2018-05-21
1442,4,235.27,2018-05-22
1443,4,59.62,2018-05-23
1444,4,288.83,2018-05-24
1445,4,28.02,2018-05-25
1446,4,46.98,2018-05-26
1447,4,28.04,2018-05-27
1448,4,68.88,2018-05-28
1449,4,103.84,2018-05-29
1450,4,18.01,2018-05-30
1451,4,492.54,2018-05-31
1452,5,73.24,2017-06-01
1453,5,123.82,2017-06-02
1454,5,64.93,2017-06-03
1455,5,52.77,2017-06-04
1456,5,144.3,2017-06-05
1457,5,136.43,2017-06-06
1458,5,123.15,2017-06-07
1459,5,156.32,2017-06-08
1460,5,130.94,2017-06-09
1461,5,72.51,2017-06-10
1462,5,41.89,2017-06-11
1463,5,64.6,2017-06-12
1464,5,81.81,2017-06-13
1465,5,81.15,2017-06-14
1466,5,116.72,2017-06-15
1467,5,102.74,2017-06-16
1468,5,63.85,2017-06-17
1469,5,51.2,2017-06-18
1470,5,71.66,2017-06-19
1471,5,106.82,2017-06-20
1472,5,69.14,2017-06-21
1473,5,94.81,2017-06-22
1474,5,65.49,2017-06-23
1475,5,50.51,2017-06-24
1476,5,70.65,2017-06-25
1477,5,111.47,2017-06-26
1478,5,80.62,2017-06-27
1479,5,60.32,2017-06-28
1480,5,74.38,2017-06-29
1481,5,77.88,2017-06-30
1482,5,72.99,2017-07-01
1483,5,45.97,2017-07-02
1484,5,107.34,2017-07-03
1485,5,92.4,2017-07-04
1486,5,76.88,2017-07-05
1487,5,119.51,2017-07-06
1488,5,123.22,2017-07-07
1489,5,56.8,2017-07-08
1490,5,77.58,2017-07-09
1491,5,100.74,2017-07-10
1492,5,89.67,2017-07-11
1493,5,103.19,2017-07-12
1494,5,156.89,2017-07-13
1495,5,143.57,2017-07-14
1496,5,161.95,2017-07-15
1497,5,96.74,2017-07-16
1498,5,186.09,2017-07-17
1499,5,148.57,2017-07-18
1500,5,132.52,2017-07-19
1501,5,108.2,2017-07-20
1502,5,61.18,2017-07-21
1503,5,54.08,2017-07-22
1504,5,52.58,2017-07-23
1505,5,116.97,2017-07-24
1506,5,77.35,2017-07-25
1507,5,71.7,2017-07-26
1508,5,113.6,2017-07-27
1509,5,57.68,2017-07-28
1510,5,47.6,2017-07-29
1511,5,55.95,2017-07-30
1512,5,88.63,2017-07-31
1513,5,52.78,2017-08-01
1514,5,63.8,2017-08-02
1515,5,64.27,2017-08-03
1516,5,46.88,2017-08-04
1517,5,36.28,2017-08-05
1518,5,27.82,2017-08-06
1519,5,71.4,2017-08-07
1520,5,65.5,2017-08-08
1521,5,72.48,2017-08-09
1522,5,79.18,2017-08-10
1523,5,85.24,2017-08-11
1524,5,46.54,2017-08-12
1525,5,47.43,2017-08-13
1526,5,82.15,2017-08-14
1527,5,61.24,2017-08-15
1528,5,81.53,2017-08-16
1529,5,65.24,2017-08-17
1530,5,100.28,2017-08-18
1531,5,45.55,2017-08-19
1532,5,54.85,2017-08-20
1533,5,88.5,2017-08-21
1534,5,72.48,2017-08-22
1535,5,82.29,2017-08-23
1536,5,89.01,2017-08-24
1537,5,79.18,2017-08-25
1538,5,83.43,2017-08-26
1539,5,78.63,2017-08-27
1540,5,88.96,2017-08-28
1541,5,87.54,2017-08-29
1542,5,97.57,2017-08-30
1543,5,87.25,2017-08-31
1544,5,119.64,2017-09-01
1545,5,90.42,2017-09-02
1546,5,78.45,2017-09-03
1547,5,108.52,2017-09-04
1548,5,94.98,2017-09-05
1549,5,98.49,2017-09-06
1550,5,133.6,2017-09-07
1551,5,142.4,2017-09-08
1552,5,81.99,2017-09-09
1553,5,67.69,2017-09-10
1554,5,131.9,2017-09-11
1555,5,106.66,2017-09-12
1556,5,89.67,2017-09-13
1557,5,152.54,2017-09-14
1558,5,147.87,2017-09-15
1559,5,102.66,2017-09-16
1560,5,79.43,2017-09-17
1561,5,241.06,2017-09-18
1562,5,125.87,2017-09-19
1563,5,105.49,2017-09-20
1564,5,119.97,2017-09-21
1565,5,127.55,2017-09-22
1566,5,79.47,2017-09-23
1567,5,138.4,2017-09-24
1568,5,277.25,2017-09-25
1569,5,165.83,2017-09-26
1570,5,165.46,2017-09-27
1571,5,186.56,2017-09-28
1572,5,162.61,2017-09-29
1573,5,126.71,2017-09-30
1574,5,131.62,2017-10-01
1575,5,163.98,2017-10-02
1576,5,249.43,2017-10-03
1577,5,203.27,2017-10-04
1578,5,195.54,2017-10-05
1579,5,224.15,2017-10-06
1580,5,209.63,2017-10-07
1581,5,126.07,2017-10-08
1582,5,201.99,2017-10-09
1583,5,131.21,2017-10-10
1584,5,168.86,2017-10-11
1585,5,173.81,2017-10-12
1586,5,238.24,2017-10-13
1587,5,149.78,2017-10-14
1588,5,158.86,2017-10-15
1589,5,238.57,2017-10-16
1590,5,121.31,2017-10-17
1591,5,226.92,2017-10-18
1592,5,148.06,2017-10-19
1593,5,189.67,2017-10-20
1594,5,108.48,2017-10-21
1595,5,155.01,2017-10-22
1596,5,216.83,2017-10-23
1597,5,194.72,2017-10-24
1598,5,178.97,2017-10-25
1599,5,158.5,2017-10-26
1600,5,221.31,2017-10-27
1601,5,204.82,2017-10-28
1602,5,205.15,2017-10-29
1603,5,234.35,2017-10-30
1604,5,238.29,2017-10-31
1605,5,211.73,2017-11-01
1606,5,227.62,2017-11-02
1607,5,186.36,2017-11-03
1608,5,157.44,2017-11-04
1609,5,162.07,2017-11-05
1610,5,158.74,2017-11-06
1611,5,122.07,2017-11-07
1612,5,221.81,2017-11-08
1613,5,212.46,2017-11-09
1614,5,191.35,2017-11-10
1615,5,170.58,2017-11-11
1616,5,145.53,2017-11-12
1617,5,249.78,2017-11-13
1618,5,198.26,2017-11-14
1619,5,169.23,2017-11-15
1620,5,216.46,2017-11-16
1621,5,195.2,2017-11-17
1622,5,176.74,2017-11-18
1623,5,191.84,2017-11-19
1624,5,214.02,2017-11-20
1625,5,220.65,2017-11-21
1626,5,176.34,2017-11-22
1627,5,207.62,2017-11-23
1628,5,719.22,2017-11-24
1629,5,247.53,2017-11-25
1630,5,137.72,2017-11-26
1631,5,229.15,2017-11-27
1632,5,230.64,2017-11-28
1633,5,146.91,2017-11-29
1634,5,230.27,2017-11-30
1635,5,216.67,2017-12-01
1636,5,149.99,2017-12-02
1637,5,198.06,2017-12-03
1638,5,231.08,2017-12-04
1639,5,201.66,2017-12-05
1640,5,200.93,2017-12-06
1641,5,279.31,2017-12-07
1642,5,174.57,2017-12-08
1643,5,164.53,2017-12-09
1644,5,158.58,2017-12-10
1645,5,180.75,2017-12-11
1646,5,213.72,2017-12-12
1647,5,234.93,2017-12-13
1648,5,160.58,2017-12-14
1649,5,224.7,2017-12-15
1650,5,199.98,2017-12-16
1651,5,191.3,2017-12-17
1652,5,157.6,2017-12-18
1653,5,192.92,2017-12-19
1654,5,203.87,2017-12-20
1655,5,193.1,2017-12-21
1656,5,196.05,2017-12-22
1657,5,99.26,2017-12-23
1658,5,120.99,2017-12-24
1659,5,256.12,2017-12-25
1660,5,194.26,2017-12-26
1661,5,197.18,2017-12-27
1662,5,186.49,2017-12-28
1663,5,186.47,2017-12-29
1664,5,179.95,2017-12-30
1665,5,126.92,2017-12-31
1666,5,149.29,2018-01-01
1667,5,229.42,2018-01-02
1668,5,258.04,2018-01-03
1669,5,197.0,2018-01-04
1670,5,163.93,2018-01-05
1671,5,136.59,2018-01-06
1672,5,144.77,2018-01-07
1673,5,172.25,2018-01-08
1674,5,258.67,2018-01-09
1675,5,180.34,2018-01-10
1676,5,151.49,2018-01-11
1677,5,143.27,2018-01-12
1678,5,107.32,2018-01-13
1679,5,197.52,2018-01-14
1680,5,180.38,2018-01-15
1681,5,184.09,2018-01-16
1682,5,122.96,2018-01-17
1683,5,132.77,2018-01-18
1684,5,172.78,2018-01-19
1685,5,171.87,2018-01-20
1686,5,202.48,2018-01-21
1687,5,179.15,2018-01-22
1688,5,171.39,2018-01-23
1689,5,194.0,2018-01-24
1690,5,189.62,2018-01-25
1691,5,151.74,2018-01-26
1692,5,152.74,2018-01-27
1693,5,129.77,2018-01-28
1694,5,166.69,2018-01-29
1695,5,205.38,2018-01-30
1696,5,173.81,2018-01-31
1697,5,298.58,2018-02-01
1698,5,179.62,2018-02-02
1699,5,207.45,2018-02-03
1700,5,173.87,2018-02-04
1701,5,153.29,2018-02-05
1702,5,133.46,2018-02-06
1703,5,146.27,2018-02-07
1704,5,265.77,2018-02-08
1705,5,154.21,2018-02-09
1706,5,210.04,2018-02-10
1707,5,130.62,2018-02-11
1708,5,227.87,2018-02-12
1709,5,160.7,2018-02-13
1710,5,221.87,2018-02-14
1711,5,201.97,2018-02-15
1712,5,148.87,2018-02-16
1713,5,115.34,2018-02-17
1714,5,134.3,2018-02-18
1715,5,236.22,2018-02-19
1716,5,168.85,2018-02-20
1717,5,148.55,2018-02-21
1718,5,175.53,2018-02-22
1719,5,165.88,2018-02-23
1720,5,174.26,2018-02-24
1721,5,136.0,2018-02-25
1722,5,242.06,2018-02-26
1723,5,212.55,2018-02-27
1724,5,147.31,2018-02-28
1725,5,196.74,2018-03-01
1726,5,176.96,2018-03-02
1727,5,101.78,2018-03-03
1728,5,140.6,2018-03-04
1729,5,146.43,2018-03-05
1730,5,169.46,2018-03-06
1731,5,169.37,2018-03-07
1732,5,163.48,2018-03-08
1733,5,125.79,2018-03-09
1734,5,140.43,2018-03-10
1735,5,100.82,2018-03-11
1736,5,180.57,2018-03-12
1737,5,158.83,2018-03-13
1738,5,113.37,2018-03-14
1739,5,127.64,2018-03-15
1740,5,136.32,2018-03-16
1741,5,120.02,2018-03-17
1742,5,122.82,2018-03-18
1743,5,119.06,2018-03-19
1744,5,183.31,2018-03-20
1745,5,157.34,2018-03-21
1746,5,265.24,2018-03-22
1747,5,150.62,2018-03-23
1748,5,155.64,2018-03-24
1749,5,207.43,2018-03-25
1750,5,241.36,2018-03-26
1751,5,167.39,2018-03-27
1752,5,120.42,2018-03-28
1753,5,144.18,2018-03-29
1754,5,25.5,2018-03-30
1755,5,0.7,2018-03-31
1756,5,63.05,2018-04-02
1757,5,117.1,2018-04-03
1758,5,108.56,2018-04-04
1759,5,88.85,2018-04-05
1760,5,118.16,2018-04-06
1761,5,90.99,2018-04-07
1762,5,85.6,2018-04-08
1763,5,122.59,2018-04-09
1764,5,116.01,2018-04-10
1765,5,136.88,2018-04-11
1766,5,163.82,2018-04-12
1767,5,119.9,2018-04-13
1768,5,68.11,2018-04-14
1769,5,79.73,2018-04-15
1770,5,139.51,2018-04-16
1771,5,124.8,2018-04-17
1772,5,150.34,2018-04-18
1773,5,122.45,2018-04-19
1774,5,191.58,2018-04-20
1775,5,130.3,2018-04-21
1776,5,149.02,2018-04-22
1777,5,159.89,2018-04-23
1778,5,153.15,2018-04-24
1779,5,153.98,2018-04-25
1780,5,171.63,2018-04-26
1781,5,135.79,2018-04-27
1782,5,81.28,2018-04-28
1783,5,83.78,2018-04-29
1784,5,74.3,2018-04-30
1785,5,79.99,2018-05-01
1786,5,65.1,2018-05-02
1787,5,109.59,2018-05-03
1788,5,82.01,2018-05-04
1789,5,92.53,2018-05-05
1790,5,100.54,2018-05-06
1791,5,104.64,2018-05-07
1792,5,84.03,2018-05-08
1793,5,61.65,2018-05-09
1794,5,99.69,2018-05-10
1795,5,93.67,2018-05-11
1796,5,69.06,2018-05-12
1797,5,85.86,2018-05-13
1798,5,112.97,2018-05-14
1799,5,108.04,2018-05-15
1800,5,134.23,2018-05-16
1801,5,156.83,2018-05-17
1802,5,82.16,2018-05-18
1803,5,112.57,2018-05-19
1804,5,109.87,2018-05-20
1805,5,108.71,2018-05-21
1806,5,126.79,2018-05-22
1807,5,156.03,2018-05-23
1808,5,102.97,2018-05-24
1809,5,115.26,2018-05-25
1810,5,115.21,2018-05-26
1811,5,84.66,2018-05-27
1812,5,131.77,2018-05-28
1813,5,138.33,2018-05-29
1814,5,246.76,2018-05-30
1815,5,398.04,2018-05-31
1816,9,13.06,2017-06-01
1817,9,18.13,2017-06-02
1818,9,7.06,2017-06-03
1819,9,4.65,2017-06-04
1820,9,15.3,2017-06-05
1821,9,10.52,2017-06-06
1822,9,8.58,2017-06-07
1823,9,12.09,2017-06-08
1824,9,11.9,2017-06-09
1825,9,5.75,2017-06-10
1826,9,7.27,2017-06-11
1827,9,8.88,2017-06-12
1828,9,10.66,2017-06-13
1829,9,5.08,2017-06-14
1830,9,17.9,2017-06-15
1831,9,7.96,2017-06-16
1832,9,6.95,2017-06-17
1833,9,9.44,2017-06-18
1834,9,9.57,2017-06-19
1835,9,8.27,2017-06-20
1836,9,6.81,2017-06-21
1837,9,11.05,2017-06-22
1838,9,7.33,2017-06-23
1839,9,5.36,2017-06-24
1840,9,8.84,2017-06-25
1841,9,9.36,2017-06-26
1842,9,8.12,2017-06-27
1843,9,8.75,2017-06-28
1844,9,11.36,2017-06-29
1845,9,9.22,2017-06-30
1846,9,6.89,2017-07-01
1847,9,6.6,2017-07-02
1848,9,8.57,2017-07-03
1849,9,10.36,2017-07-04
1850,9,9.62,2017-07-05
1851,9,13.52,2017-07-06
1852,9,12.06,2017-07-07
1853,9,8.11,2017-07-08
1854,9,5.18,2017-07-09
1855,9,20.23,2017-07-10
1856,9,11.12,2017-07-11
1857,9,9.26,2017-07-12
1858,9,15.03,2017-07-13
1859,9,15.57,2017-07-14
1860,9,16.18,2017-07-15
1861,9,10.39,2017-07-16
1862,9,20.9,2017-07-17
1863,9,7.75,2017-07-18
1864,9,10.07,2017-07-19
1865,9,15.6,2017-07-20
1866,9,7.39,2017-07-21
1867,9,7.29,2017-07-22
1868,9,9.78,2017-07-23
1869,9,4.48,2017-07-24
1870,9,8.25,2017-07-25
1871,9,5.6,2017-07-26
1872,9,6.46,2017-07-27
1873,9,4.11,2017-07-28
1874,9,5.26,2017-07-29
1875,9,4.33,2017-07-30
1876,9,6.58,2017-07-31
1877,9,8.56,2017-08-01
1878,9,6.93,2017-08-02
1879,9,9.3,2017-08-03
1880,9,6.96,2017-08-04
1881,9,3.45,2017-08-05
1882,9,9.82,2017-08-06
1883,9,8.5,2017-08-07
1884,9,7.19,2017-08-08
1885,9,7.68,2017-08-09
1886,9,7.48,2017-08-10
1887,9,11.36,2017-08-11
1888,9,2.83,2017-08-12
1889,9,5.32,2017-08-13
1890,9,16.25,2017-08-14
1891,9,8.09,2017-08-15
1892,9,11.82,2017-08-16
1893,9,6.17,2017-08-17
1894,9,8.4,2017-08-18
1895,9,7.68,2017-08-19
1896,9,6.35,2017-08-20
1897,9,3.78,2017-08-21
1898,9,10.94,2017-08-22
1899,9,13.0,2017-08-23
1900,9,6.62,2017-08-24
1901,9,10.29,2017-08-25
1902,9,4.62,2017-08-26
1903,9,5.29,2017-08-27
1904,9,6.74,2017-08-28
1905,9,5.95,2017-08-29
1906,9,9.55,2017-08-30
1907,9,12.01,2017-08-31
1908,9,15.03,2017-09-01
1909,9,10.43,2017-09-02
1910,9,9.52,2017-09-03
1911,9,15.83,2017-09-04
1912,9,10.79,2017-09-05
1913,9,10.47,2017-09-06
1914,9,15.72,2017-09-07
1915,9,8.7,2017-09-08
1916,9,12.81,2017-09-09
1917,9,12.7,2017-09-10
1918,9,8.7,2017-09-11
1919,9,9.93,2017-09-12
1920,9,8.55,2017-09-13
1921,9,13.01,2017-09-14
1922,9,18.6,2017-09-15
1923,9,14.57,2017-09-16
1924,9,11.12,2017-09-17
1925,9,11.21,2017-09-18
1926,9,12.85,2017-09-19
1927,9,14.83,2017-09-20
1928,9,9.87,2017-09-21
1929,9,9.08,2017-09-22
1930,9,13.06,2017-09-23
1931,9,20.93,2017-09-24
1932,9,18.92,2017-09-25
1933,9,17.59,2017-09-26
1934,9,23.49,2017-09-27
1935,9,17.7,2017-09-28
1936,9,19.69,2017-09-29
1937,9,19.92,2017-09-30
1938,9,17.64,2017-10-01
1939,9,22.74,2017-10-02
1940,9,35.22,2017-10-03
1941,9,23.73,2017-10-04
1942,9,21.15,2017-10-05
1943,9,14.26,2017-10-06
1944,9,19.01,2017-10-07
1945,9,14.59,2017-10-08
1946,9,18.52,2017-10-09
1947,9,13.84,2017-10-10
1948,9,22.59,2017-10-11
1949,9,13.83,2017-10-12
1950,9,22.51,2017-10-13
1951,9,13.65,2017-10-14
1952,9,9.81,2017-10-15
1953,9,24.45,2017-10-16
1954,9,22.27,2017-10-17
1955,9,14.33,2017-10-18
1956,9,18.28,2017-10-19
1957,9,16.12,2017-10-20
1958,9,7.91,2017-10-21
1959,9,16.94,2017-10-22
1960,9,20.85,2017-10-23
1961,9,22.57,2017-10-24
1962,9,21.3,2017-10-25
1963,9,22.88,2017-10-26
1964,9,24.38,2017-10-27
1965,9,20.61,2017-10-28
1966,9,16.75,2017-10-29
1967,9,22.34,2017-10-30
1968,9,34.34,2017-10-31
1969,9,26.41,2017-11-01
1970,9,26.58,2017-11-02
1971,9,15.76,2017-11-03
1972,9,17.76,2017-11-04
1973,9,26.01,2017-11-05
1974,9,20.32,2017-11-06
1975,9,25.6,2017-11-07
1976,9,21.04,2017-11-08
1977,9,19.29,2017-11-09
1978,9,19.2,2017-11-10
1979,9,14.61,2017-11-11
1980,9,16.05,2017-11-12
1981,9,19.18,2017-11-13
1982,9,18.84,2017-11-14
1983,9,22.9,2017-11-15
1984,9,29.1,2017-11-16
1985,9,28.25,2017-11-17
1986,9,13.15,2017-11-18
1987,9,26.74,2017-11-19
1988,9,23.86,2017-11-20
1989,9,17.11,2017-11-21
1990,9,19.98,2017-11-22
1991,9,29.16,2017-11-23
1992,9,49.53,2017-11-24
1993,9,34.28,2017-11-25
1994,9,18.9,2017-11-26
1995,9,24.74,2017-11-27
1996,9,15.67,2017-11-28
1997,9,18.65,2017-11-29
1998,9,24.51,2017-11-30
1999,9,26.85,2017-12-01
2000,9,20.11,2017-12-02
2001,9,9.26,2017-12-03
2002,9,16.22,2017-12-04
2003,9,22.99,2017-12-05
2004,9,23.79,2017-12-06
2005,9,29.08,2017-12-07
2006,9,26.45,2017-12-08
2007,9,21.37,2017-12-09
2008,9,20.0,2017-12-10
2009,9,25.71,2017-12-11
2010,9,19.85,2017-12-12
2011,9,30.72,2017-12-13
2012,9,17.03,2017-12-14
2013,9,24.44,2017-12-15
2014,9,20.42,2017-12-16
2015,9,22.73,2017-12-17
2016,9,23.15,2017-12-18
2017,9,21.09,2017-12-19
2018,9,20.7,2017-12-20
2019,9,25.43,2017-12-21
2020,9,21.22,2017-12-22
2021,9,11.69,2017-12-23
2022,9,15.16,2017-12-24
2023,9,27.33,2017-12-25
2024,9,28.42,2017-12-26
2025,9,24.65,2017-12-27
2026,9,19.4,2017-12-28
2027,9,17.07,2017-12-29
2028,9,16.33,2017-12-30
2029,9,9.32,2017-12-31
2030,9,27.23,2018-01-01
2031,9,31.75,2018-01-02
2032,9,14.75,2018-01-03
2033,9,16.06,2018-01-04
2034,9,16.41,2018-01-05
2035,9,15.26,2018-01-06
2036,9,8.15,2018-01-07
2037,9,16.65,2018-01-08
2038,9,15.72,2018-01-09
2039,9,21.43,2018-01-10
2040,9,26.1,2018-01-11
2041,9,21.9,2018-01-12
2042,9,16.15,2018-01-13
2043,9,15.18,2018-01-14
2044,9,11.58,2018-01-15
2045,9,13.9,2018-01-16
2046,9,18.85,2018-01-17
2047,9,13.15,2018-01-18
2048,9,18.76,2018-01-19
2049,9,16.6,2018-01-20
2050,9,13.24,2018-01-21
2051,9,23.39,2018-01-22
2052,9,16.51,2018-01-23
2053,9,18.43,2018-01-24
2054,9,23.05,2018-01-25
2055,9,14.49,2018-01-26
2056,9,10.84,2018-01-27
2057,9,11.48,2018-01-28
2058,9,21.92,2018-01-29
2059,9,23.74,2018-01-30
2060,9,14.49,2018-01-31
2061,9,27.78,2018-02-01
2062,9,23.31,2018-02-02
2063,9,14.3,2018-02-03
2064,9,21.54,2018-02-04
2065,9,24.54,2018-02-05
2066,9,20.99,2018-02-06
2067,9,25.26,2018-02-07
2068,9,23.74,2018-02-08
2069,9,21.51,2018-02-09
2070,9,17.87,2018-02-10
2071,9,18.43,2018-02-11
2072,9,19.58,2018-02-12
2073,9,22.94,2018-02-13
2074,9,19.46,2018-02-14
2075,9,21.21,2018-02-15
2076,9,23.15,2018-02-16
2077,9,10.6,2018-02-17
2078,9,15.73,2018-02-18
2079,9,23.54,2018-02-19
2080,9,17.74,2018-02-20
2081,9,13.41,2018-02-21
2082,9,14.94,2018-02-22
2083,9,15.32,2018-02-23
2084,9,16.81,2018-02-24
2085,9,19.26,2018-02-25
2086,9,28.02,2018-02-26
2087,9,20.05,2018-02-27
2088,9,10.47,2018-02-28
2089,9,13.13,2018-03-01
2090,9,14.42,2018-03-02
2091,9,16.8,2018-03-03
2092,9,13.72,2018-03-04
2093,9,12.26,2018-03-05
2094,9,21.76,2018-03-06
2095,9,17.77,2018-03-07
2096,9,18.31,2018-03-08
2097,9,14.39,2018-03-09
2098,9,18.99,2018-03-10
2099,9,12.23,2018-03-11
2100,9,13.74,2018-03-12
2101,9,14.45,2018-03-13
2102,9,19.44,2018-03-14
2103,9,20.15,2018-03-15
2104,9,11.74,2018-03-16
2105,9,10.86,2018-03-17
2106,9,6.24,2018-03-18
2107,9,14.99,2018-03-19
2108,9,12.68,2018-03-20
2109,9,15.63,2018-03-21
2110,9,19.97,2018-03-22
2111,9,18.56,2018-03-23
2112,9,13.42,2018-03-24
2113,9,20.36,2018-03-25
2114,9,29.06,2018-03-26
2115,9,28.82,2018-03-27
2116,9,20.59,2018-03-28
2117,9,13.96,2018-03-29
2118,9,1.85,2018-03-30
2119,9,12.44,2018-04-02
2120,9,12.57,2018-04-03
2121,9,9.18,2018-04-04
2122,9,8.42,2018-04-05
2123,9,16.81,2018-04-06
2124,9,8.91,2018-04-07
2125,9,10.23,2018-04-08
2126,9,15.63,2018-04-09
2127,9,20.11,2018-04-10
2128,9,10.72,2018-04-11
2129,9,11.86,2018-04-12
2130,9,10.81,2018-04-13
2131,9,10.21,2018-04-14
2132,9,11.19,2018-04-15
2133,9,20.37,2018-04-16
2134,9,11.5,2018-04-17
2135,9,12.28,2018-04-18
2136,9,11.2,2018-04-19
2137,9,12.07,2018-04-20
2138,9,9.75,2018-04-21
2139,9,16.81,2018-04-22
2140,9,17.72,2018-04-23
2141,9,12.03,2018-04-24
2142,9,15.39,2018-04-25
2143,9,18.4,2018-04-26
2144,9,18.67,2018-04-27
2145,9,11.68,2018-04-28
2146,9,9.32,2018-04-29
2147,9,7.21,2018-04-30
2148,9,8.28,2018-05-01
2149,9,11.94,2018-05-02
2150,9,8.89,2018-05-03
2151,9,10.43,2018-05-04
2152,9,7.65,2018-05-05
2153,9,11.29,2018-05-06
2154,9,6.69,2018-05-07
2155,9,10.91,2018-05-08
2156,9,10.85,2018-05-09
2157,9,12.05,2018-05-10
2158,9,11.93,2018-05-11
2159,9,4.09,2018-05-12
2160,9,7.55,2018-05-13
2161,9,15.07,2018-05-14
2162,9,16.3,2018-05-15
2163,9,12.82,2018-05-16
2164,9,13.17,2018-05-17
2165,9,14.47,2018-05-18
2166,9,6.5,2018-05-19
2167,9,10.55,2018-05-20
2168,9,6.53,2018-05-21
2169,9,19.76,2018-05-22
2170,9,8.69,2018-05-23
2171,9,6.11,2018-05-24
2172,9,9.77,2018-05-25
2173,9,8.53,2018-05-26
2174,9,11.11,2018-05-27
2175,9,12.47,2018-05-28
2176,9,16.83,2018-05-29
2177,9,23.57,2018-05-30
2178,9,27.37,2018-05-31
2179,10,15.08,2017-06-01
2180,10,11.18,2017-06-02
2181,10,9.62,2017-06-03
2182,10,17.82,2017-06-04
2183,10,26.68,2017-06-05
2184,10,21.69,2017-06-06
2185,10,18.3,2017-06-07
2186,10,3.82,2017-06-08
2187,10,20.82,2017-06-09
2188,10,5.02,2017-06-10
2189,10,9.13,2017-06-11
2190,10,3.65,2017-06-12
2191,10,12.6,2017-06-13
2192,10,5.71,2017-06-14
2193,10,12.64,2017-06-15
2194,10,6.76,2017-06-16
2195,10,10.52,2017-06-17
2196,10,5.88,2017-06-18
2197,10,15.25,2017-06-19
2198,10,7.84,2017-06-20
2199,10,9.83,2017-06-21
2200,10,5.01,2017-06-22
2201,10,10.32,2017-06-23
2202,10,3.86,2017-06-24
2203,10,3.88,2017-06-25
2204,10,12.16,2017-06-26
2205,10,9.76,2017-06-27
2206,10,4.1,2017-06-28
2207,10,8.2,2017-06-29
2208,10,7.09,2017-06-30
2209,10,12.48,2017-07-01
2210,10,2.5,2017-07-02
2211,10,16.51,2017-07-03
2212,10,2.12,2017-07-04
2213,10,13.47,2017-07-05
2214,10,10.12,2017-07-06
2215,10,13.82,2017-07-07
2216,10,3.89,2017-07-08
2217,10,3.91,2017-07-09
2218,10,18.23,2017-07-10
2219,10,2.24,2017-07-11
2220,10,26.03,2017-07-12
2221,10,21.89,2017-07-13
2222,10,14.06,2017-07-14
2223,10,20.96,2017-07-15
2224,10,6.55,2017-07-16
2225,10,10.2,2017-07-17
2226,10,17.41,2017-07-18
2227,10,15.69,2017-07-19
2228,10,12.94,2017-07-20
2229,10,17.52,2017-07-21
2230,10,7.48,2017-07-22
2231,10,9.37,2017-07-23
2232,10,3.83,2017-07-24
2233,10,6.0,2017-07-25
2234,10,12.77,2017-07-26
2235,10,0.54,2017-07-27
2236,10,7.41,2017-07-28
2237,10,3.33,2017-07-29
2238,10,4.45,2017-07-30
2239,10,12.1,2017-07-31
2240,10,9.17,2017-08-01
2241,10,6.37,2017-08-02
2242,10,6.35,2017-08-03
2243,10,9.53,2017-08-04
2244,10,1.37,2017-08-05
2245,10,9.58,2017-08-06
2246,10,7.88,2017-08-07
2247,10,5.42,2017-08-08
2248,10,16.66,2017-08-09
2249,10,6.3,2017-08-10
2250,10,2.48,2017-08-11
2251,10,4.04,2017-08-12
2252,10,2.32,2017-08-13
2253,10,1.22,2017-08-14
2254,10,4.9,2017-08-15
2255,10,1.92,2017-08-16
2256,10,8.43,2017-08-17
2257,10,16.98,2017-08-18
2258,10,4.07,2017-08-19
2259,10,2.37,2017-08-20
2260,10,5.56,2017-08-21
2261,10,10.39,2017-08-22
2262,10,8.73,2017-08-23
2263,10,4.77,2017-08-24
2264,10,4.29,2017-08-25
2265,10,7.47,2017-08-26
2266,10,7.15,2017-08-27
2267,10,11.66,2017-08-28
2268,10,12.37,2017-08-29
2269,10,14.28,2017-08-30
2270,10,18.54,2017-08-31
2271,10,6.6,2017-09-01
2272,10,3.7,2017-09-02
2273,10,10.13,2017-09-03
2274,10,19.88,2017-09-04
2275,10,14.74,2017-09-05
2276,10,11.65,2017-09-06
2277,10,16.11,2017-09-07
2278,10,11.26,2017-09-08
2279,10,12.87,2017-09-09
2280,10,14.14,2017-09-10
2281,10,13.27,2017-09-11
2282,10,9.31,2017-09-12
2283,10,4.31,2017-09-13
2284,10,19.96,2017-09-14
2285,10,14.79,2017-09-15
2286,10,19.09,2017-09-16
2287,10,12.76,2017-09-17
2288,10,20.14,2017-09-18
2289,10,14.25,2017-09-19
2290,10,18.89,2017-09-20
2291,10,4.48,2017-09-21
2292,10,23.06,2017-09-22
2293,10,15.78,2017-09-23
2294,10,13.93,2017-09-24
2295,10,24.27,2017-09-25
2296,10,23.13,2017-09-26
2297,10,17.71,2017-09-27
2298,10,21.96,2017-09-28
2299,10,20.79,2017-09-29
2300,10,27.71,2017-09-30
2301,10,9.03,2017-10-01
2302,10,36.26,2017-10-02
2303,10,38.51,2017-10-03
2304,10,25.71,2017-10-04
2305,10,10.26,2017-10-05
2306,10,17.84,2017-10-06
2307,10,33.55,2017-10-07
2308,10,7.85,2017-10-08
2309,10,17.06,2017-10-09
2310,10,20.95,2017-10-10
2311,10,9.56,2017-10-11
2312,10,31.71,2017-10-12
2313,10,24.37,2017-10-13
2314,10,10.84,2017-10-14
2315,10,24.3,2017-10-15
2316,10,23.98,2017-10-16
2317,10,22.38,2017-10-17
2318,10,27.62,2017-10-18
2319,10,29.6,2017-10-19
2320,10,5.88,2017-10-20
2321,10,20.7,2017-10-21
2322,10,4.82,2017-10-22
2323,10,19.43,2017-10-23
2324,10,12.0,2017-10-24
2325,10,11.24,2017-10-25
2326,10,1.71,2017-10-26
2327,10,32.54,2017-10-27
2328,10,25.45,2017-10-28
2329,10,12.55,2017-10-29
2330,10,36.77,2017-10-30
2331,10,22.77,2017-10-31
2332,10,17.12,2017-11-01
2333,10,26.83,2017-11-02
2334,10,36.51,2017-11-03
2335,10,21.1,2017-11-04
2336,10,18.7,2017-11-05
2337,10,23.2,2017-11-06
2338,10,26.33,2017-11-07
2339,10,36.36,2017-11-08
2340,10,6.59,2017-11-09
2341,10,46.88,2017-11-10
2342,10,21.41,2017-11-11
2343,10,16.91,2017-11-12
2344,10,11.15,2017-11-13
2345,10,31.98,2017-11-14
2346,10,30.85,2017-11-15
2347,10,27.69,2017-11-16
2348,10,36.07,2017-11-17
2349,10,19.49,2017-11-18
2350,10,25.82,2017-11-19
2351,10,23.55,2017-11-20
2352,10,25.79,2017-11-21
2353,10,4.93,2017-11-22
2354,10,27.84,2017-11-23
2355,10,68.11,2017-11-24
2356,10,40.09,2017-11-25
2357,10,22.04,2017-11-26
2358,10,41.84,2017-11-27
2359,10,15.27,2017-11-28
2360,10,18.28,2017-11-29
2361,10,23.63,2017-11-30
2362,10,13.34,2017-12-01
2363,10,31.34,2017-12-02
2364,10,21.46,2017-12-03
2365,10,14.67,2017-12-04
2366,10,34.68,2017-12-05
2367,10,21.36,2017-12-06
2368,10,27.93,2017-12-07
2369,10,9.5,2017-12-08
2370,10,20.9,2017-12-09
2371,10,17.58,2017-12-10
2372,10,33.65,2017-12-11
2373,10,22.59,2017-12-12
2374,10,27.34,2017-12-13
2375,10,45.1,2017-12-14
2376,10,13.08,2017-12-15
2377,10,33.18,2017-12-16
2378,10,20.17,2017-12-17
2379,10,32.22,2017-12-18
2380,10,28.1,2017-12-19
2381,10,6.35,2017-12-20
2382,10,23.12,2017-12-21
2383,10,12.63,2017-12-22
2384,10,5.85,2017-12-23
2385,10,12.72,2017-12-24
2386,10,6.19,2017-12-25
2387,10,27.4,2017-12-26
2388,10,21.51,2017-12-27
2389,10,16.83,2017-12-28
2390,10,24.43,2017-12-29
2391,10,10.32,2017-12-30
2392,10,10.32,2017-12-31
2393,10,28.99,2018-01-01
2394,10,28.9,2018-01-02
2395,10,27.45,2018-01-03
2396,10,32.27,2018-01-04
2397,10,7.29,2018-01-05
2398,10,19.52,2018-01-06
2399,10,24.37,2018-01-07
2400,10,20.44,2018-01-08
2401,10,16.29,2018-01-09
2402,10,17.87,2018-01-10
2403,10,29.29,2018-01-11
2404,10,18.6,2018-01-12
2405,10,6.4,2018-01-13
2406,10,14.36,2018-01-14
2407,10,21.2,2018-01-15
2408,10,9.89,2018-01-16
2409,10,23.92,2018-01-17
2410,10,16.48,2018-01-18
2411,10,10.57,2018-01-19
2412,10,11.53,2018-01-20
2413,10,14.21,2018-01-21
2414,10,25.63,2018-01-22
2415,10,12.87,2018-01-23
2416,10,22.02,2018-01-24
2417,10,37.58,2018-01-25
2418,10,30.38,2018-01-26
2419,10,22.19,2018-01-27
2420,10,28.49,2018-01-28
2421,10,1.64,2018-01-29
2422,10,28.18,2018-01-30
2423,10,5.53,2018-01-31
2424,10,32.07,2018-02-01
2425,10,12.19,2018-02-02
2426,10,18.37,2018-02-03
2427,10,23.81,2018-02-04
2428,10,21.04,2018-02-05
2429,10,14.56,2018-02-06
2430,10,17.41,2018-02-07
2431,10,26.39,2018-02-08
2432,10,17.42,2018-02-09
2433,10,18.37,2018-02-10
2434,10,16.63,2018-02-11
2435,10,20.87,2018-02-12
2436,10,19.74,2018-02-13
2437,10,39.02,2018-02-14
2438,10,9.2,2018-02-15
2439,10,21.62,2018-02-16
2440,10,18.86,2018-02-17
2441,10,14.07,2018-02-18
2442,10,18.21,2018-02-19
2443,10,12.86,2018-02-20
2444,10,8.08,2018-02-21
2445,10,16.01,2018-02-22
2446,10,15.7,2018-02-23
2447,10,2.57,2018-02-24
2448,10,10.16,2018-02-25
2449,10,17.79,2018-02-26
2450,10,6.94,2018-02-27
2451,10,10.92,2018-02-28
2452,10,9.86,2018-03-01
2453,10,25.15,2018-03-02
2454,10,15.05,2018-03-03
2455,10,11.81,2018-03-04
2456,10,11.84,2018-03-05
2457,10,20.18,2018-03-06
2458,10,25.92,2018-03-07
2459,10,17.08,2018-03-08
2460,10,28.27,2018-03-09
2461,10,19.43,2018-03-10
2462,10,7.4,2018-03-11
2463,10,27.13,2018-03-12
2464,10,14.97,2018-03-13
2465,10,13.86,2018-03-14
2466,10,29.49,2018-03-15
2467,10,14.78,2018-03-16
2468,10,11.67,2018-03-17
2469,10,5.95,2018-03-18
2470,10,20.3,2018-03-19
2471,10,29.1,2018-03-20
2472,10,17.07,2018-03-21
2473,10,9.54,2018-03-22
2474,10,21.48,2018-03-23
2475,10,21.94,2018-03-24
2476,10,16.25,2018-03-25
2477,10,34.3,2018-03-26
2478,10,14.43,2018-03-27
2479,10,9.29,2018-03-28
2480,10,20.88,2018-03-29
2481,10,1.99,2018-03-30
2482,10,21.25,2018-04-02
2483,10,23.96,2018-04-03
2484,10,4.87,2018-04-04
2485,10,17.33,2018-04-05
2486,10,6.84,2018-04-06
2487,10,3.36,2018-04-07
2488,10,7.3,2018-04-08
2489,10,16.25,2018-04-09
2490,10,7.31,2018-04-10
2491,10,14.95,2018-04-11
2492,10,19.78,2018-04-12
2493,10,9.33,2018-04-13
2494,10,8.97,2018-04-14
2495,10,10.28,2018-04-15
2496,10,13.52,2018-04-16
2497,10,8.65,2018-04-17
2498,10,13.68,2018-04-18
2499,10,18.97,2018-04-19
2500,10,9.13,2018-04-20
2501,10,11.53,2018-04-21
2502,10,12.36,2018-04-22
2503,10,16.16,2018-04-23
2504,10,26.1,2018-04-24
2505,10,23.16,2018-04-25
2506,10,14.43,2018-04-26
2507,10,18.68,2018-04-27
2508,10,9.66,2018-04-28
2509,10,5.21,2018-04-29
2510,10,15.23,2018-04-30
2511,10,10.02,2018-05-01
2512,10,3.5,2018-05-02
2513,10,5.35,2018-05-03
2514,10,23.06,2018-05-04
2515,10,16.41,2018-05-05
2516,10,17.36,2018-05-06
2517,10,9.08,2018-05-07
2518,10,8.09,2018-05-08
2519,10,10.63,2018-05-09
2520,10,8.16,2018-05-10
2521,10,13.23,2018-05-11
2522,10,13.54,2018-05-12
2523,10,6.94,2018-05-13
2524,10,13.02,2018-05-14
2525,10,14.07,2018-05-15
2526,10,6.42,2018-05-16
2527,10,13.66,2018-05-17
2528,10,15.51,2018-05-18
2529,10,18.33,2018-05-19
2530,10,6.46,2018-05-20
2531,10,13.76,2018-05-21
2532,10,21.7,2018-05-22
2533,10,7.42,2018-05-23
2534,10,10.79,2018-05-24
2535,10,22.21,2018-05-25
2536,10,7.89,2018-05-26
2537,10,9.92,2018-05-27
2538,10,21.26,2018-05-28
2539,10,11.32,2018-05-29
2540,10,33.15,2018-05-30
2541,10,17.6,2018-05-31
